Year,JAN-p,FEB-p,MAR-p,APR-p,MAY-p,JUN-p,JUL-p,AUG-p,SEP-p,OCT-p,JAN-txa,FEB-txa,MAR-txa,APR-txa,MAY-txa,JUN-txa,JUL-txa,AUG-txa,SEP-txa,OCT-txa,JAN-taa,FEB-taa,MAR-taa,APR-taa,MAY-taa,JUN-taa,JUL-taa,AUG-taa,SEP-taa,OCT-taa,JAN-tna,FEB-tna,MAR-tna,APR-tna,MAY-tna,JUN-tna,JUL-tna,AUG-tna,SEP-tna,OCT-tna,JAN-txm,FEB-txm,MAR-txm,APR-txm,MAY-txm,JUN-txm,JUL-txm,AUG-txm,SEP-txm,OCT-txm,JAN-tnm,FEB-tnm,MAR-tnm,APR-tnm,MAY-tnm,JUN-tnm,JUL-tnm,AUG-tnm,SEP-tnm,OCT-tnm
1960-01-01,0.21,0.22,0.74,1.29,2.13,1.95,2.15,1.79,1.22,0.77,41.3,46.17,54.3,63.02,72.41,82.75,89.88,87.39,78.74,65.94,26.05,30.63,38.43,46.66,56.25,66.03,72.62,70.41,61.24,48.91,10.87,14.82,22.5,30.33,40.08,49.32,55.39,53.43,43.74,31.9,60.36,64.11,73.98,80.49,88.84,95.87,99.98,97.38,92.41,83.24,-11.8,-6.55,4.2,14.98,26.07,37.0,46.35,43.96,29.59,15.42
1961-01-01,0.21,0.22,0.74,1.29,2.13,1.95,2.15,1.79,1.22,0.77,41.3,46.17,54.3,63.02,72.41,82.75,89.88,87.39,78.74,65.94,26.05,30.63,38.43,46.66,56.25,66.03,72.62,70.41,61.24,48.91,10.87,14.82,22.5,30.33,40.08,49.32,55.39,53.43,43.74,31.9,60.36,64.11,73.98,80.49,88.84,95.87,99.98,97.38,92.41,83.24,-11.8,-6.55,4.2,14.98,26.07,37.0,46.35,43.96,29.59,15.42
1962-01-01,0.21,0.22,0.74,1.29,2.13,1.95,2.15,1.79,1.22,0.77,41.3,46.17,54.3,63.02,72.41,82.75,89.88,87.39,78.74,65.94,26.05,30.63,38.43,46.66,56.25,66.03,72.62,70.41,61.24,48.91,10.87,14.82,22.5,30.33,40.08,49.32,55.39,53.43,43.74,31.9,60.36,64.11,73.98,80.49,88.84,95.87,99.98,97.38,92.41,83.24,-11.8,-6.55,4.2,14.98,26.07,37.0,46.35,43.96,29.59,15.42
1963-01-01,0.21,0.22,0.74,1.29,2.13,0.0,1.85,4.46,2.23,0.98,41.3,46.17,54.3,63.02,72.41,95.8,95.29,85.43,83.48,74.9,26.05,30.63,38.43,46.66,56.25,75.05,76.23,71.08,66.16,56.24,10.87,14.82,22.5,30.33,40.08,54.3,57.16,56.73,48.83,37.58,60.36,64.11,73.98,80.49,88.84,101.0,104.0,102.0,92.0,89.0,-11.8,-6.55,4.2,14.98,26.07,49.0,51.0,51.0,36.0,32.0
1964-01-01,0.0,0.02,0.75,0.55,1.46,2.15,0.84,0.22,0.45,0.19,44.55,42.86,48.48,63.31,76.19,81.62,97.1,89.29,81.5,71.87,28.4,26.93,31.69,46.5,58.1,64.26,76.95,70.23,61.08,50.47,12.26,11.0,14.9,29.69,40.0,46.9,56.81,51.16,40.67,29.06,62.0,58.0,71.0,82.0,92.0,95.0,104.0,101.0,95.0,86.0,-11.0,-13.0,-0.0,14.0,28.0,33.0,48.0,33.0,27.0,14.0
1965-01-01,0.33,0.3,0.37,0.9,4.03,4.39,3.77,2.69,2.17,0.63,48.84,43.61,43.48,66.9,73.35,78.03,88.26,85.68,69.07,72.94,31.79,27.32,28.24,49.9,56.81,63.95,71.48,67.87,54.22,53.58,14.74,11.04,13.0,32.9,40.26,49.87,54.71,50.06,39.37,34.23,65.0,68.0,72.0,84.0,84.0,87.0,95.0,97.0,83.0,86.0,1.0,-13.0,-12.0,24.0,28.0,40.0,47.0,43.0,24.0,24.0
1966-01-01,0.23,0.0,0.0,0.37,0.13,3.23,2.11,2.61,1.72,1.04,39.35,41.11,60.47,61.07,80.35,84.33,94.5,91.0,78.74,65.94,22.1,25.34,40.0,42.69,57.32,65.08,75.05,70.24,61.24,48.91,4.83,9.57,18.93,24.55,34.29,45.83,55.1,49.14,43.74,31.9,55.0,56.0,77.0,80.0,94.0,101.0,102.0,98.0,92.41,83.24,-30.0,-11.0,-11.0,8.0,18.0,34.0,48.0,39.0,29.59,15.42
1967-01-01,0.0,0.22,0.74,2.56,2.51,4.28,2.94,1.9,0.56,0.04,50.19,46.17,60.31,66.5,68.45,76.87,85.75,84.76,79.46,75.83,32.23,30.63,42.78,48.55,52.15,61.18,70.08,66.52,62.08,56.11,14.26,14.82,25.3,30.6,35.84,45.5,54.28,48.28,42.79,35.59,62.0,64.11,80.0,80.0,92.0,87.0,97.0,93.0,89.0,88.0,-10.0,-6.55,3.0,12.0,25.0,36.0,48.0,40.0,30.0,22.0
1968-01-01,0.21,0.18,0.0,0.2,1.67,1.88,2.01,1.09,0.22,0.35,41.3,51.68,58.93,59.97,67.94,84.63,86.0,89.52,78.97,72.17,26.05,35.86,42.47,43.55,52.08,65.5,69.09,72.1,60.16,55.57,10.87,20.04,25.12,27.43,36.23,46.37,51.91,54.64,41.61,38.97,60.36,70.0,70.0,76.0,82.0,97.0,93.0,96.0,91.0,82.0,-11.8,11.0,8.0,13.0,26.0,36.0,33.0,42.0,33.0,16.0
1969-01-01,0.21,0.07,0.23,1.15,2.73,3.48,2.43,2.28,1.9,3.02,41.3,48.41,48.58,67.96,74.32,75.93,91.23,91.06,81.73,51.84,26.05,34.47,31.68,50.26,57.94,61.12,73.61,73.45,64.4,39.81,10.87,20.53,14.77,32.7,41.55,46.3,56.0,55.84,47.07,27.77,60.36,63.0,76.0,80.0,94.0,96.0,101.0,101.0,91.0,83.0,-11.8,9.0,-5.0,18.0,29.0,27.0,51.0,49.0,37.0,-1.0
1970-01-01,0.02,0.25,1.16,1.33,0.99,2.98,2.71,0.31,1.13,0.55,43.84,55.07,45.9,59.13,77.14,83.62,90.19,91.84,77.73,61.61,27.06,35.71,31.76,42.17,58.16,65.79,72.42,72.71,59.38,45.05,10.29,16.36,17.61,25.2,39.58,47.96,54.65,53.58,41.03,28.48,68.0,69.0,66.0,78.0,90.0,100.0,97.0,100.0,93.0,83.0,-12.0,4.0,-0.0,13.0,21.0,35.0,47.0,41.0,29.0,18.0
1971-01-01,0.37,0.24,0.79,2.8,2.38,1.52,0.98,1.14,2.46,0.63,40.23,43.29,51.77,62.67,68.87,86.0,89.0,90.77,75.34,65.1,25.76,30.56,34.84,46.42,53.68,67.52,71.06,72.19,57.48,47.89,11.29,16.89,17.9,30.17,38.48,48.72,53.13,53.61,39.6,30.68,67.0,63.0,79.0,79.0,84.0,101.0,101.0,97.0,95.0,84.0,-30.0,3.0,-11.0,11.0,29.0,36.0,36.0,45.0,24.0,12.0
1972-01-01,0.45,0.05,0.23,0.87,0.57,2.45,1.2,3.33,2.11,0.59,41.1,52.24,61.32,65.87,73.26,84.8,88.55,86.42,76.8,64.73,22.94,33.45,42.11,46.62,55.08,68.2,69.92,70.29,60.48,48.75,4.77,14.66,22.9,27.37,36.9,51.6,51.29,54.16,44.17,32.71,52.0,71.0,78.0,80.0,89.0,91.0,100.0,100.0,89.0,82.0,-23.0,-3.0,10.0,13.0,23.0,45.0,42.0,44.0,27.0,15.0
1973-01-01,0.52,0.22,1.42,2.5,0.5,1.73,3.75,1.38,2.7,0.18,36.87,45.0,48.94,57.2,69.93,83.33,86.1,89.26,73.87,68.94,24.34,30.3,36.87,42.35,53.55,65.07,69.23,69.66,58.38,51.29,11.81,15.61,24.81,27.5,37.32,46.8,52.35,50.06,42.9,33.65,56.0,58.0,62.0,75.0,86.0,96.0,104.0,97.0,88.0,81.0,-10.0,-8.0,19.0,14.0,28.0,30.0,44.0,45.0,28.0,20.0
1974-01-01,0.97,0.11,1.89,2.64,0.0,2.66,1.47,0.0,0.37,1.02,35.19,48.89,57.06,61.93,77.27,84.83,93.0,86.03,77.43,70.67,21.71,33.54,41.44,45.93,58.8,66.72,73.24,68.5,57.93,52.39,8.23,18.18,25.81,30.53,40.58,48.6,53.48,50.97,38.43,34.21,57.0,59.0,74.0,81.0,91.0,98.0,100.0,95.0,95.0,84.0,-24.0,4.0,11.0,18.0,27.0,34.0,40.0,42.0,24.0,20.0
1975-01-01,0.03,0.22,0.74,1.29,2.13,1.95,2.15,1.79,1.22,0.77,44.13,50.67,54.3,63.02,72.41,82.75,89.88,87.39,78.74,65.94,27.78,31.33,38.43,46.66,56.25,66.03,72.62,70.41,61.24,48.91,11.93,12.0,22.5,30.33,40.08,49.32,55.39,53.43,43.74,31.9,64.0,55.0,73.98,80.49,88.84,95.87,99.98,97.38,92.41,83.24,-8.0,7.0,4.2,14.98,26.07,37.0,46.35,43.96,29.59,15.42
1976-01-01,0.21,0.22,0.74,1.29,1.81,1.23,2.47,0.6,1.22,0.77,41.3,46.17,54.3,63.02,72.39,83.5,92.06,89.85,78.74,65.94,26.05,30.63,38.43,46.66,52.5,63.83,72.53,70.26,61.24,48.91,10.87,14.82,22.5,30.33,32.61,44.24,53.0,50.79,43.74,31.9,60.36,64.11,73.98,80.49,87.0,96.0,102.0,97.0,92.41,83.24,-11.8,-6.55,4.2,14.98,16.0,20.0,49.0,40.0,29.59,15.42
1977-01-01,0.21,0.22,0.74,1.29,2.13,1.95,3.78,1.2,0.24,0.01,41.3,46.17,54.3,63.02,72.41,82.75,87.85,83.96,83.79,69.95,26.05,30.63,38.43,46.66,56.25,66.03,73.0,67.5,63.47,48.05,10.87,14.82,22.5,30.33,40.08,49.32,58.15,51.04,42.5,27.43,60.36,64.11,73.98,80.49,88.84,95.87,100.0,95.0,95.0,82.0,-11.8,-6.55,4.2,14.98,26.07,37.0,51.0,41.0,36.0,13.0
1978-01-01,0.7,0.22,0.74,0.24,1.73,1.67,0.7,2.66,0.0,0.57,32.25,46.17,66.0,64.24,67.12,79.2,92.59,87.28,81.04,66.67,18.23,30.63,47.17,48.38,52.52,64.15,74.02,68.71,60.96,46.28,4.21,14.82,27.85,32.52,37.92,48.46,55.59,49.72,40.87,26.44,54.0,64.11,78.0,79.0,87.0,96.0,102.0,96.0,95.0,85.0,-12.0,-6.55,16.0,23.0,23.0,36.0,44.0,36.0,24.0,21.0
1979-01-01,0.21,0.22,0.74,1.29,2.13,1.95,2.15,1.79,1.22,0.77,31.18,47.88,54.3,63.02,72.41,82.75,89.88,87.39,78.74,65.94,14.78,29.7,38.43,46.66,56.25,66.03,72.62,70.41,61.24,48.91,-3.36,9.75,22.5,30.33,40.08,49.32,55.39,53.43,43.74,31.9,51.0,63.0,73.98,80.49,88.84,95.87,99.98,97.38,92.41,83.24,-20.0,-17.0,4.2,14.98,26.07,37.0,46.35,43.96,29.59,15.42
1980-01-01,0.21,0.22,0.74,1.29,2.13,0.0,2.08,0.22,0.51,0.2,41.3,46.17,54.3,63.02,72.41,89.23,92.7,88.33,81.46,66.87,26.05,30.63,38.43,46.66,56.25,68.91,75.25,69.75,61.96,47.47,10.87,14.82,22.5,30.33,40.08,48.66,57.8,51.39,43.07,28.07,60.36,64.11,73.98,80.49,88.84,101.0,102.0,100.0,98.0,84.0,-11.8,-6.55,4.2,14.98,26.07,37.0,52.0,35.0,31.0,9.0
1981-01-01,0.07,0.26,1.68,1.75,2.89,0.4,4.65,2.09,0.2,0.48,49.55,51.11,52.59,70.68,66.73,86.27,89.8,84.68,82.79,64.84,31.31,32.45,38.09,53.71,53.97,68.4,73.38,68.82,64.09,48.03,13.07,13.79,23.59,36.89,41.2,51.16,56.97,52.97,45.39,31.23,64.0,70.0,69.0,85.0,84.0,97.0,100.0,97.0,94.0,82.0,-2.0,-22.0,15.0,22.0,30.0,36.0,50.0,46.0,32.0,12.0
1982-01-01,0.04,0.04,0.19,0.13,3.16,1.95,5.29,2.03,2.21,0.65,36.75,58.35,53.81,64.21,69.68,82.75,88.65,87.13,74.77,63.37,18.41,38.06,37.35,45.09,54.56,66.03,71.6,71.87,59.85,47.78,5.54,8.41,20.9,26.1,39.45,49.32,54.55,56.61,45.47,32.23,55.0,73.0,69.0,80.0,86.0,95.87,102.0,93.0,94.0,76.0,-19.0,-29.0,10.0,9.0,20.0,37.0,46.0,48.0,35.0,16.0
1983-01-01,0.0,0.22,1.19,1.91,4.94,3.01,2.84,4.72,0.33,0.58,46.17,50.74,49.58,53.33,65.38,76.4,88.34,89.55,82.13,68.53,32.55,34.3,37.74,39.23,51.31,62.38,71.17,73.26,62.27,50.5,19.11,17.85,25.9,25.75,37.24,48.37,54.0,56.97,42.4,32.55,65.0,63.0,68.0,72.0,85.0,90.0,98.0,96.0,95.0,80.0,-2.0,-0.0,16.0,8.0,25.0,37.0,38.0,45.0,18.0,15.0
1984-01-01,0.21,0.21,1.0,2.82,1.29,1.72,3.15,1.43,0.32,1.7,35.83,44.86,50.52,52.93,75.39,81.03,90.42,88.23,76.8,59.26,21.57,31.74,36.76,40.75,58.45,64.97,73.5,71.74,58.98,46.0,7.3,18.64,22.72,28.57,41.52,48.9,56.58,55.26,41.69,32.53,57.0,60.0,72.0,73.0,88.0,92.0,100.0,95.0,95.0,78.0,-30.0,5.0,6.0,12.0,28.0,36.0,48.0,45.0,21.0,19.0
1985-01-01,0.46,0.02,0.06,1.23,1.55,1.38,2.56,0.0,1.26,0.77,36.23,39.75,56.45,66.3,75.29,83.47,89.23,90.81,74.79,65.94,21.9,25.41,40.5,48.64,59.26,64.85,70.89,70.58,58.75,48.91,7.17,11.07,24.27,30.83,43.23,46.23,52.55,50.35,41.87,31.9,54.0,57.0,77.0,85.0,89.0,100.0,101.0,100.0,89.0,83.24,-24.0,-24.0,10.0,10.0,33.0,33.0,46.0,39.0,17.0,15.42
1986-01-01,0.02,0.19,0.44,1.58,1.3,1.47,1.0,0.86,1.27,1.17,44.52,47.33,61.06,62.6,70.83,86.0,90.67,88.13,74.8,63.48,31.77,32.35,44.21,48.0,54.55,68.71,70.98,69.15,59.13,50.11,19.17,17.89,27.35,32.96,38.24,51.23,51.3,50.55,43.47,36.74,62.0,74.0,80.0,80.0,87.0,100.0,100.0,102.0,86.0,74.0,3.0,-14.0,6.0,14.0,26.0,40.0,43.0,43.0,33.0,29.0
1987-01-01,0.08,0.88,0.73,0.42,5.99,1.57,2.78,1.92,0.72,0.75,43.94,47.5,49.79,69.13,72.77,84.03,90.9,85.1,78.57,66.9,29.95,34.83,36.15,49.81,58.89,65.98,72.44,68.85,60.17,47.13,15.11,21.85,21.52,30.1,45.0,47.93,53.97,52.61,41.77,27.35,63.0,69.0,70.0,85.0,86.0,94.0,100.0,98.0,94.0,87.0,-5.0,8.0,5.0,14.0,38.0,35.0,43.0,44.0,30.0,13.0
1988-01-01,0.16,0.23,0.82,0.72,3.97,1.91,2.35,0.83,1.65,0.2,24.87,46.0,51.23,66.47,73.42,87.48,90.45,90.16,77.79,69.65,10.04,31.69,36.04,47.03,57.28,69.43,71.69,71.44,60.1,51.4,-4.0,16.88,21.79,27.41,39.82,51.38,52.94,52.71,42.41,33.16,47.0,62.0,78.0,81.0,91.0,97.0,97.0,99.0,96.0,84.0,-20.0,-5.0,2.0,4.0,24.0,40.0,42.0,42.0,29.0,18.0
1989-01-01,0.39,0.33,0.25,0.66,0.9,2.62,5.36,1.45,2.1,0.23,46.55,33.93,57.1,66.1,76.35,79.5,90.58,83.77,74.04,64.42,29.23,20.43,40.06,48.98,59.08,64.55,74.18,69.06,58.76,48.5,11.77,6.93,23.03,31.87,41.81,49.6,57.77,54.35,43.48,32.58,61.0,67.0,76.0,89.0,95.0,99.0,103.0,91.0,89.0,84.0,-9.0,-32.0,-6.0,7.0,19.0,38.0,50.0,46.0,32.0,13.0
1990-01-01,0.47,0.11,2.76,0.58,1.24,0.55,3.23,1.51,3.33,1.0,45.06,44.14,49.87,61.81,69.9,87.17,83.16,84.77,79.5,66.71,29.97,29.43,37.5,46.87,53.92,69.81,68.9,68.76,64.04,48.9,14.87,14.71,25.13,31.92,37.94,52.45,54.65,52.74,49.12,31.0,68.0,63.0,71.0,77.0,85.0,102.0,101.0,98.0,93.0,85.0,3.0,-16.0,15.0,24.0,23.0,38.0,44.0,46.0,31.0,18.0
1991-01-01,0.08,0.0,0.07,0.66,1.86,2.13,2.38,1.37,0.88,0.21,37.71,53.14,54.65,62.37,74.13,82.83,87.03,86.19,78.33,66.7,23.23,35.45,38.89,46.58,58.71,67.4,70.74,70.29,61.47,48.42,8.74,17.75,23.13,30.8,43.29,51.97,54.45,54.39,44.6,30.13,55.0,64.0,68.0,81.0,89.0,98.0,99.0,95.0,89.0,88.0,-11.0,7.0,3.0,18.0,21.0,45.0,46.0,49.0,30.0,1.0
1992-01-01,0.38,0.0,2.49,0.0,0.8,2.13,2.32,2.65,0.0,0.82,42.74,51.86,56.38,69.33,74.9,79.23,84.03,82.29,81.07,68.16,28.32,37.21,42.03,51.57,58.06,64.57,69.16,66.85,62.22,50.74,13.9,22.55,27.69,33.8,41.23,49.9,54.29,51.42,43.67,33.32,58.0,69.0,69.0,89.0,87.0,92.0,97.0,96.0,89.0,86.0,-10.0,11.0,9.0,14.0,32.0,36.0,42.0,38.0,30.0,16.0
1993-01-01,0.29,0.45,0.63,1.73,1.17,1.73,0.58,3.72,1.78,1.39,31.32,35.19,53.65,60.27,73.0,80.17,87.06,83.29,75.6,61.7,17.98,23.15,40.02,46.4,57.35,64.48,70.84,68.35,58.78,47.03,4.97,11.39,26.39,32.53,41.71,48.9,54.61,53.42,41.97,32.37,47.0,51.0,76.0,75.0,85.0,95.0,99.0,95.0,91.0,87.0,-15.0,-15.0,1.0,22.0,23.0,39.0,43.0,37.0,25.0,5.0
1994-01-01,0.37,0.13,0.06,0.99,0.31,1.22,1.48,0.79,0.45,1.67,43.97,39.07,58.27,62.37,77.19,88.93,88.39,88.61,82.03,63.8,30.37,25.2,41.33,47.62,59.95,71.02,71.45,72.27,63.97,49.8,16.68,11.32,24.61,32.87,42.71,53.1,54.52,55.94,45.9,35.48,61.0,58.0,74.0,81.0,92.0,101.0,98.0,96.0,94.0,76.0,-7.0,-16.0,9.0,16.0,31.0,40.0,42.0,49.0,32.0,22.0
1995-01-01,0.13,0.34,0.12,1.15,2.97,5.8,1.58,0.25,2.39,0.15,41.65,48.74,54.45,57.13,62.13,76.6,87.57,91.48,75.55,64.68,28.45,34.06,38.74,42.73,51.42,62.72,70.62,73.44,60.76,47.77,14.63,19.37,23.03,28.33,40.71,48.83,53.67,55.39,45.97,30.87,61.0,70.0,77.0,74.0,82.0,91.0,100.0,99.0,98.0,82.0,-22.0,-1.0,-1.0,18.0,30.0,36.0,46.0,43.0,24.0,17.0
1996-01-01,0.39,0.0,1.18,0.38,2.26,3.69,2.26,2.18,2.74,0.3,41.97,47.28,51.26,66.29,73.23,83.73,86.68,86.16,74.81,65.87,24.53,30.95,35.58,48.32,58.55,67.73,71.58,70.34,60.31,49.9,7.1,14.62,19.9,30.36,43.87,51.73,56.48,54.52,45.81,33.94,71.0,67.0,74.0,83.0,92.0,91.0,97.0,98.0,94.0,86.0,-19.0,-33.0,-2.0,16.0,31.0,40.0,50.0,47.0,27.0,15.0
1997-01-01,0.41,0.31,0.39,0.49,1.6,3.14,2.8,4.34,1.32,1.38,36.77,42.67,58.68,55.15,72.7,81.0,89.45,84.26,78.4,66.23,24.24,30.56,40.45,40.85,56.38,67.13,72.95,70.73,63.72,49.08,11.71,18.44,22.23,26.56,39.94,53.27,56.45,57.19,49.03,32.53,69.0,65.0,79.0,76.0,88.0,95.0,99.0,93.0,87.0,86.0,-14.0,1.0,-5.0,7.0,23.0,46.0,46.0,52.0,38.0,2.0
1998-01-01,0.06,0.15,0.53,0.64,1.78,1.52,4.52,1.28,1.03,1.81,45.97,47.64,52.45,63.23,75.97,79.57,89.1,87.19,84.77,62.6,30.1,34.36,37.42,46.83,59.23,62.95,73.9,71.41,66.98,50.25,14.23,21.07,22.39,30.43,42.5,46.33,58.7,55.28,49.2,37.9,63.0,66.0,78.0,83.0,87.0,94.0,103.0,96.0,97.0,78.0,-3.0,10.0,-1.0,19.0,31.0,30.0,53.0,46.0,42.0,22.0
1999-01-01,0.17,0.0,0.5,4.92,1.27,2.14,1.65,4.33,2.63,0.39,45.74,53.36,59.13,58.17,70.97,81.7,90.84,79.9,73.56,68.94,33.34,37.64,41.9,44.55,56.11,66.15,74.47,68.7,57.37,49.98,20.94,21.93,24.68,31.37,41.26,50.6,58.1,57.5,41.12,31.03,62.0,70.0,76.0,74.0,84.0,93.0,98.0,91.0,85.0,83.0,7.0,3.0,10.0,20.0,27.0,41.0,47.0,55.0,24.0,17.0
2000-01-01,0.1,0.41,0.89,0.74,3.21,1.08,0.42,0.3,1.06,0.22,46.58,53.55,55.37,68.4,77.94,83.77,92.77,91.27,79.55,65.06,31.24,37.16,41.03,49.53,60.21,66.2,75.32,73.8,62.29,49.85,15.9,20.76,26.65,30.67,42.48,48.63,57.87,56.19,45.03,34.65,63.0,68.0,72.0,80.0,93.0,97.0,100.0,99.0,97.0,84.0,2.0,6.0,14.0,14.0,21.0,40.0,51.0,48.0,24.0,17.0
2001-01-01,0.27,0.29,0.44,2.16,3.86,1.46,3.5,0.72,1.28,0.66,41.26,39.21,52.65,65.86,72.71,85.7,92.45,90.03,82.33,66.71,27.84,26.82,38.42,50.05,57.56,68.45,76.44,72.98,64.3,49.6,14.42,14.43,24.19,34.24,42.42,51.2,60.42,55.94,46.27,32.48,57.0,56.0,69.0,81.0,89.0,96.0,100.0,96.0,94.0,83.0,-6.0,-15.0,6.0,24.0,30.0,38.0,53.0,46.0,29.0,19.0
2002-01-01,0.07,0.19,0.56,0.03,0.52,1.33,0.0,3.49,0.38,0.92,45.13,49.82,52.35,69.87,75.61,91.54,94.71,90.16,79.47,58.87,27.8,30.54,34.45,50.82,57.58,72.75,76.68,72.56,63.05,43.55,10.47,11.25,16.55,31.77,39.55,53.96,58.65,54.97,46.63,28.23,64.0,71.0,74.0,86.0,96.0,99.0,102.0,99.0,93.0,82.0,-12.0,-7.0,-14.0,15.0,18.0,40.0,51.0,45.0,33.0,6.0
2003-01-01,0.06,0.17,2.3,0.38,2.67,2.51,0.87,1.28,0.31,0.0,50.65,42.07,56.13,65.63,73.06,73.77,88.3,90.03,77.83,73.65,34.45,27.96,41.0,50.82,58.18,60.05,70.98,73.85,59.91,53.42,18.26,13.85,25.87,36.0,43.29,46.33,53.73,57.67,42.0,33.19,69.0,71.0,76.0,81.0,93.0,84.0,97.0,100.0,89.0,86.0,5.0,-11.0,7.0,17.0,32.0,28.0,35.0,47.0,29.0,22.0
2004-01-01,0.28,0.36,0.0,0.83,2.36,1.61,0.56,1.02,1.42,0.83,43.32,43.79,62.94,64.38,75.83,78.67,87.43,85.0,80.34,66.03,28.27,28.97,44.63,48.5,59.35,63.73,70.77,67.67,62.34,50.65,13.23,14.14,26.32,32.28,42.87,48.8,54.19,50.34,44.53,35.26,63.0,65.0,80.0,82.0,90.0,100.0,101.0,100.0,94.0,78.0,-25.0,-10.0,13.0,16.0,27.0,34.0,44.0,38.0,34.0,23.0
2005-01-01,0.12,0.05,0.35,1.56,1.92,3.42,0.42,0.71,0.51,2.76,43.58,49.93,54.37,62.7,72.9,81.47,94.16,87.68,82.6,67.0,30.74,33.93,38.78,47.18,56.79,65.54,74.85,70.18,62.62,49.21,17.9,17.93,23.23,31.67,40.68,50.25,55.55,52.68,42.86,31.42,70.0,64.0,73.0,79.0,95.0,98.0,104.0,98.0,93.0,87.0,-10.0,4.0,10.0,13.0,24.0,40.0,48.0,45.0,27.0,22.0
2006-01-01,0.0,0.08,0.95,0.18,0.62,0.43,1.6,0.86,1.97,0.31,50.9,46.39,50.03,67.46,76.19,89.3,87.62,84.13,74.46,63.37,32.82,27.12,34.32,47.81,57.61,70.6,71.39,68.04,57.29,46.73,14.74,7.86,18.61,28.56,39.03,52.03,56.79,52.07,40.11,30.1,68.0,72.0,73.0,85.0,94.0,101.0,101.0,96.0,93.0,85.0,1.0,-16.0,-3.0,16.0,24.0,40.0,52.0,41.0,29.0,11.0
2007-01-01,0.32,0.03,0.55,0.77,1.95,1.53,2.13,2.91,1.0,0.9,28.81,38.43,59.65,59.6,74.67,84.86,93.83,89.76,80.47,68.06,14.66,26.07,42.77,44.13,58.1,67.52,77.23,74.1,62.9,50.32,0.52,13.71,25.9,28.67,41.53,50.18,60.63,58.45,45.33,32.8,48.0,55.0,78.0,86.0,89.0,100.0,106.0,101.0,93.0,84.0,-14.0,-14.0,11.0,14.0,31.0,33.0,54.0,52.0,32.0,24.0
2008-01-01,0.0,0.0,0.31,0.95,0.84,0.98,1.71,6.01,1.1,0.66,32.65,45.03,53.07,59.6,70.97,79.38,93.06,84.19,76.33,67.04,18.79,30.28,37.23,43.03,55.06,63.79,74.98,69.45,59.48,49.5,4.94,15.52,21.4,26.47,39.16,48.19,56.9,54.71,42.63,31.96,49.0,61.0,73.0,83.0,89.0,92.0,101.0,103.0,91.0,85.0,-14.0,-0.0,10.0,15.0,19.0,39.0,47.0,50.0,35.0,23.0
2009-01-01,0.07,0.02,0.39,3.31,1.05,1.74,2.02,1.75,0.86,1.19,44.16,50.5,55.0,57.67,70.1,78.03,86.29,86.29,78.93,53.97,28.71,33.11,36.53,43.65,56.58,62.85,70.34,68.27,60.81,40.26,13.26,15.71,18.06,29.63,43.06,47.67,54.39,50.26,42.87,26.55,69.0,67.0,77.0,80.0,91.0,90.0,99.0,97.0,92.0,84.0,-12.0,5.0,5.0,13.0,34.0,41.0,48.0,43.0,26.0,13.0
2010-01-01,0.0,0.09,0.45,2.44,3.04,2.95,1.28,1.76,0.0,0.88,41.19,39.61,52.81,62.03,66.48,81.87,90.03,89.35,83.77,68.65,25.63,25.54,37.81,46.53,52.45,66.78,73.1,71.9,62.75,50.98,10.06,11.46,22.81,31.03,38.42,51.7,56.16,54.45,41.73,33.32,55.0,50.0,81.0,80.0,91.0,97.0,101.0,97.0,93.0,84.0,-17.0,-2.0,6.0,19.0,27.0,41.0,48.0,44.0,34.0,15.0
2011-01-01,0.04,1.62,0.27,1.29,2.13,1.95,2.15,1.79,1.22,0.77,39.87,40.57,56.55,63.02,72.41,82.75,89.88,87.39,78.74,65.94,24.31,23.36,39.79,46.66,56.25,66.03,72.62,70.41,61.24,48.91,8.74,6.14,23.03,30.33,40.08,49.32,55.39,53.43,43.74,31.9,65.0,68.0,76.0,80.49,88.84,95.87,99.98,97.38,92.41,83.24,-17.0,-20.0,10.0,14.98,26.07,37.0,46.35,43.96,29.59,15.42
2012-01-01,0.21,0.22,0.74,1.29,2.13,1.95,2.15,1.79,1.22,0.77,41.3,46.17,54.3,63.02,72.41,82.75,89.88,87.39,78.74,65.94,26.05,30.63,38.43,46.66,56.25,66.03,72.62,70.41,61.24,48.91,10.87,14.82,22.5,30.33,40.08,49.32,55.39,53.43,43.74,31.9,60.36,64.11,73.98,80.49,88.84,95.87,99.98,97.38,92.41,83.24,-11.8,-6.55,4.2,14.98,26.07,37.0,46.35,43.96,29.59,15.42
2013-01-01,0.21,0.22,0.74,1.29,2.13,1.95,2.15,1.79,1.22,0.77,41.3,46.17,54.3,63.02,72.41,82.75,89.88,87.39,78.74,65.94,26.05,30.63,38.43,46.66,56.25,66.03,72.62,70.41,61.24,48.91,10.87,14.82,22.5,30.33,40.08,49.32,55.39,53.43,43.74,31.9,60.36,64.11,73.98,80.49,88.84,95.87,99.98,97.38,92.41,83.24,-11.8,-6.55,4.2,14.98,26.07,37.0,46.35,43.96,29.59,15.42
2014-01-01,0.21,0.22,0.74,1.29,2.13,1.95,2.15,1.79,1.22,0.0,41.3,46.17,54.3,63.02,72.41,82.75,89.88,87.39,78.74,65.94,26.05,30.63,38.43,46.66,56.25,66.03,72.62,70.41,61.24,48.91,10.87,14.82,22.5,30.33,40.08,49.32,55.39,53.43,43.74,31.9,60.36,64.11,73.98,80.49,88.84,95.87,99.98,97.38,92.41,83.24,-11.8,-6.55,4.2,14.98,26.07,37.0,46.35,43.96,29.59,15.42
2015-01-01,0.15,0.44,0.06,3.08,7.1,1.05,2.41,0.58,0.27,1.31,41.3,46.17,54.3,63.02,72.41,82.75,89.88,87.39,78.74,65.94,26.05,30.63,38.43,46.66,56.25,66.03,72.62,70.41,61.24,48.91,10.87,14.82,22.5,30.33,40.08,49.32,55.39,53.43,43.74,31.9,60.36,64.11,73.98,80.49,88.84,95.87,99.98,97.38,92.41,83.24,-11.8,-6.55,4.2,14.98,26.07,37.0,46.35,43.96,29.59,15.42
2016-01-01,0.22,0.3,0.85,2.23,1.96,0.85,1.86,1.49,1.22,0.77,41.3,46.17,54.3,63.02,72.41,82.75,89.88,87.39,78.74,65.94,26.05,30.63,38.43,46.66,56.25,66.03,72.62,70.41,61.24,48.91,10.87,14.82,22.5,30.33,40.08,49.32,55.39,53.43,43.74,31.9,60.36,64.11,73.98,80.49,88.84,95.87,99.98,97.38,92.41,83.24,-11.8,-6.55,4.2,14.98,26.07,37.0,46.35,43.96,29.59,15.42
2017-01-01,0.21,0.04,0.74,1.88,3.83,0.42,1.06,1.28,1.25,1.32,41.3,46.17,54.3,63.02,72.41,82.75,89.88,87.39,78.74,65.94,26.05,30.63,38.43,46.66,56.25,66.03,72.62,70.41,61.24,48.91,10.87,14.82,22.5,30.33,40.08,49.32,55.39,53.43,43.74,31.9,60.36,64.11,73.98,80.49,88.84,95.87,99.98,97.38,92.41,83.24,-11.8,-6.55,4.2,14.98,26.07,37.0,46.35,43.96,29.59,15.42
2018-01-01,0.21,0.66,0.74,0.54,3.28,0.77,1.32,1.17,0.07,0.41,41.3,46.17,54.3,63.02,72.41,82.75,90.88,86.71,82.41,61.53,26.05,30.63,38.43,46.66,56.25,66.03,72.12,68.34,64.07,46.26,10.87,14.82,22.5,30.33,40.08,49.32,53.38,49.97,45.74,30.41,60.36,64.11,73.98,80.49,88.84,95.87,91.0,97.0,94.0,84.0,-11.8,-6.55,4.2,14.98,26.07,37.0,45.0,42.0,29.0,1.0
2019-01-01,0.1,0.24,2.21,0.6,2.24,1.47,0.68,2.35,2.71,0.56,44.1,39.36,46.26,62.23,63.2,78.37,90.13,87.94,81.67,57.52,26.42,23.29,32.34,47.47,50.02,63.35,74.08,71.71,65.35,40.48,8.74,7.21,18.42,32.7,36.83,48.33,58.03,55.48,49.03,23.45,60.0,62.0,69.0,81.0,85.0,96.0,100.0,98.0,97.0,79.0,-12.0,-19.0,-20.0,13.0,24.0,37.0,53.0,43.0,40.0,-7.0
